<application>
  <component name="CodotaSettings">
    <option name="methodCompletionsPercentageSet" value="true" />
    <option name="id" value="28ae349e-d262-49e1-bc56-481e71837571" />
    <option name="wasRunBefore" value="true" />
    <option name="firstRun" value="1643486401327" />
    <option name="generation" value="129" />
    <option name="updateGeneration" value="1" />
    <option name="isInJSBeta" value="YES" />
    <option name="isMethodCompletionsPercentageActive" value="true" />
    <option name="isMethodCompletionsPercentageSet" value="true" />
    <option name="featureFlags">
      <map>
        <entry key="deep-completions" value="true" />
      </map>
    </option>
    <option name="testedFeatureFlags">
      <set>
        <option value="deep-completions" />
      </set>
    </option>
    <option name="everTurnedOnFeatureFlags">
      <set>
        <option value="deep-completions" />
      </set>
    </option>
    <option name="usedLanguages">
      <set>
        <option value="java" />
      </set>
    </option>
  </component>
</application>