<application>
  <component name="ProjectJdkTable">
    <jdk version="2">
      <name value="15" />
      <type value="JavaSDK" />
      <version value="java version &quot;15&quot;" />
      <homePath value="C:/Program Files/Java/jdk-15" />
      <roots>
        <annotationsPath>
          <root type="composite">
            <root url="jar://$APPLICATION_HOME_DIR$/plugins/java/lib/jdkAnnotations.jar!/" type="simple" />
          </root>
        </annotationsPath>
        <classPath>
          <root type="composite">
            <root url="jrt://C:/Program Files/Java/jdk-15!/java.base" type="simple" />
            <root url="jrt://C:/Program Files/Java/jdk-15!/java.compiler" type="simple" />
            <root url="jrt://C:/Program Files/Java/jdk-15!/java.datatransfer" type="simple" />
            <root url="jrt://C:/Program Files/Java/jdk-15!/java.desktop" type="simple" />
            <root url="jrt://C:/Program Files/Java/jdk-15!/java.instrument" type="simple" />
            <root url="jrt://C:/Program Files/Java/jdk-15!/java.logging" type="simple" />
            <root url="jrt://C:/Program Files/Java/jdk-15!/java.management" type="simple" />
            <root url="jrt://C:/Program Files/Java/jdk-15!/java.management.rmi" type="simple" />
            <root url="jrt://C:/Program Files/Java/jdk-15!/java.naming" type="simple" />
            <root url="jrt://C:/Program Files/Java/jdk-15!/java.net.http" type="simple" />
            <root url="jrt://C:/Program Files/Java/jdk-15!/java.prefs" type="simple" />
            <root url="jrt://C:/Program Files/Java/jdk-15!/java.rmi" type="simple" />
            <root url="jrt://C:/Program Files/Java/jdk-15!/java.scripting" type="simple" />
            <root url="jrt://C:/Program Files/Java/jdk-15!/java.se" type="simple" />
            <root url="jrt://C:/Program Files/Java/jdk-15!/java.security.jgss" type="simple" />
            <root url="jrt://C:/Program Files/Java/jdk-15!/java.security.sasl" type="simple" />
            <root url="jrt://C:/Program Files/Java/jdk-15!/java.smartcardio" type="simple" />
            <root url="jrt://C:/Program Files/Java/jdk-15!/java.sql" type="simple" />
            <root url="jrt://C:/Program Files/Java/jdk-15!/java.sql.rowset" type="simple" />
            <root url="jrt://C:/Program Files/Java/jdk-15!/java.transaction.xa" type="simple" />
            <root url="jrt://C:/Program Files/Java/jdk-15!/java.xml" type="simple" />
            <root url="jrt://C:/Program Files/Java/jdk-15!/java.xml.crypto" type="simple" />
            <root url="jrt://C:/Program Files/Java/jdk-15!/jdk.accessibility" type="simple" />
            <root url="jrt://C:/Program Files/Java/jdk-15!/jdk.aot" type="simple" />
            <root url="jrt://C:/Program Files/Java/jdk-15!/jdk.attach" type="simple" />
            <root url="jrt://C:/Program Files/Java/jdk-15!/jdk.charsets" type="simple" />
            <root url="jrt://C:/Program Files/Java/jdk-15!/jdk.compiler" type="simple" />
            <root url="jrt://C:/Program Files/Java/jdk-15!/jdk.crypto.cryptoki" type="simple" />
            <root url="jrt://C:/Program Files/Java/jdk-15!/jdk.crypto.ec" type="simple" />
            <root url="jrt://C:/Program Files/Java/jdk-15!/jdk.crypto.mscapi" type="simple" />
            <root url="jrt://C:/Program Files/Java/jdk-15!/jdk.dynalink" type="simple" />
            <root url="jrt://C:/Program Files/Java/jdk-15!/jdk.editpad" type="simple" />
            <root url="jrt://C:/Program Files/Java/jdk-15!/jdk.hotspot.agent" type="simple" />
            <root url="jrt://C:/Program Files/Java/jdk-15!/jdk.httpserver" type="simple" />
            <root url="jrt://C:/Program Files/Java/jdk-15!/jdk.incubator.foreign" type="simple" />
            <root url="jrt://C:/Program Files/Java/jdk-15!/jdk.incubator.jpackage" type="simple" />
            <root url="jrt://C:/Program Files/Java/jdk-15!/jdk.internal.ed" type="simple" />
            <root url="jrt://C:/Program Files/Java/jdk-15!/jdk.internal.jvmstat" type="simple" />
            <root url="jrt://C:/Program Files/Java/jdk-15!/jdk.internal.le" type="simple" />
            <root url="jrt://C:/Program Files/Java/jdk-15!/jdk.internal.opt" type="simple" />
            <root url="jrt://C:/Program Files/Java/jdk-15!/jdk.internal.vm.ci" type="simple" />
            <root url="jrt://C:/Program Files/Java/jdk-15!/jdk.internal.vm.compiler" type="simple" />
            <root url="jrt://C:/Program Files/Java/jdk-15!/jdk.internal.vm.compiler.management" type="simple" />
            <root url="jrt://C:/Program Files/Java/jdk-15!/jdk.jartool" type="simple" />
            <root url="jrt://C:/Program Files/Java/jdk-15!/jdk.javadoc" type="simple" />
            <root url="jrt://C:/Program Files/Java/jdk-15!/jdk.jcmd" type="simple" />
            <root url="jrt://C:/Program Files/Java/jdk-15!/jdk.jconsole" type="simple" />
            <root url="jrt://C:/Program Files/Java/jdk-15!/jdk.jdeps" type="simple" />
            <root url="jrt://C:/Program Files/Java/jdk-15!/jdk.jdi" type="simple" />
            <root url="jrt://C:/Program Files/Java/jdk-15!/jdk.jdwp.agent" type="simple" />
            <root url="jrt://C:/Program Files/Java/jdk-15!/jdk.jfr" type="simple" />
            <root url="jrt://C:/Program Files/Java/jdk-15!/jdk.jlink" type="simple" />
            <root url="jrt://C:/Program Files/Java/jdk-15!/jdk.jshell" type="simple" />
            <root url="jrt://C:/Program Files/Java/jdk-15!/jdk.jsobject" type="simple" />
            <root url="jrt://C:/Program Files/Java/jdk-15!/jdk.jstatd" type="simple" />
            <root url="jrt://C:/Program Files/Java/jdk-15!/jdk.localedata" type="simple" />
            <root url="jrt://C:/Program Files/Java/jdk-15!/jdk.management" type="simple" />
            <root url="jrt://C:/Program Files/Java/jdk-15!/jdk.management.agent" type="simple" />
            <root url="jrt://C:/Program Files/Java/jdk-15!/jdk.management.jfr" type="simple" />
            <root url="jrt://C:/Program Files/Java/jdk-15!/jdk.naming.dns" type="simple" />
            <root url="jrt://C:/Program Files/Java/jdk-15!/jdk.naming.rmi" type="simple" />
            <root url="jrt://C:/Program Files/Java/jdk-15!/jdk.net" type="simple" />
            <root url="jrt://C:/Program Files/Java/jdk-15!/jdk.nio.mapmode" type="simple" />
            <root url="jrt://C:/Program Files/Java/jdk-15!/jdk.sctp" type="simple" />
            <root url="jrt://C:/Program Files/Java/jdk-15!/jdk.security.auth" type="simple" />
            <root url="jrt://C:/Program Files/Java/jdk-15!/jdk.security.jgss" type="simple" />
            <root url="jrt://C:/Program Files/Java/jdk-15!/jdk.unsupported" type="simple" />
            <root url="jrt://C:/Program Files/Java/jdk-15!/jdk.unsupported.desktop" type="simple" />
            <root url="jrt://C:/Program Files/Java/jdk-15!/jdk.xml.dom" type="simple" />
            <root url="jrt://C:/Program Files/Java/jdk-15!/jdk.zipfs" type="simple" />
          </root>
        </classPath>
        <javadocPath>
          <root type="composite" />
        </javadocPath>
        <sourcePath>
          <root type="composite">
            <root url="jar://C:/Program Files/Java/jdk-15/lib/src.zip!/java.se" type="simple" />
            <root url="jar://C:/Program Files/Java/jdk-15/lib/src.zip!/jdk.aot" type="simple" />
            <root url="jar://C:/Program Files/Java/jdk-15/lib/src.zip!/jdk.jdi" type="simple" />
            <root url="jar://C:/Program Files/Java/jdk-15/lib/src.zip!/jdk.jfr" type="simple" />
            <root url="jar://C:/Program Files/Java/jdk-15/lib/src.zip!/jdk.net" type="simple" />
            <root url="jar://C:/Program Files/Java/jdk-15/lib/src.zip!/java.rmi" type="simple" />
            <root url="jar://C:/Program Files/Java/jdk-15/lib/src.zip!/java.sql" type="simple" />
            <root url="jar://C:/Program Files/Java/jdk-15/lib/src.zip!/java.xml" type="simple" />
            <root url="jar://C:/Program Files/Java/jdk-15/lib/src.zip!/jdk.jcmd" type="simple" />
            <root url="jar://C:/Program Files/Java/jdk-15/lib/src.zip!/jdk.sctp" type="simple" />
            <root url="jar://C:/Program Files/Java/jdk-15/lib/src.zip!/java.base" type="simple" />
            <root url="jar://C:/Program Files/Java/jdk-15/lib/src.zip!/jdk.jdeps" type="simple" />
            <root url="jar://C:/Program Files/Java/jdk-15/lib/src.zip!/jdk.jlink" type="simple" />
            <root url="jar://C:/Program Files/Java/jdk-15/lib/src.zip!/jdk.zipfs" type="simple" />
            <root url="jar://C:/Program Files/Java/jdk-15/lib/src.zip!/java.prefs" type="simple" />
            <root url="jar://C:/Program Files/Java/jdk-15/lib/src.zip!/jdk.attach" type="simple" />
            <root url="jar://C:/Program Files/Java/jdk-15/lib/src.zip!/jdk.jshell" type="simple" />
            <root url="jar://C:/Program Files/Java/jdk-15/lib/src.zip!/jdk.jstatd" type="simple" />
            <root url="jar://C:/Program Files/Java/jdk-15/lib/src.zip!/java.naming" type="simple" />
            <root url="jar://C:/Program Files/Java/jdk-15/lib/src.zip!/jdk.editpad" type="simple" />
            <root url="jar://C:/Program Files/Java/jdk-15/lib/src.zip!/jdk.jartool" type="simple" />
            <root url="jar://C:/Program Files/Java/jdk-15/lib/src.zip!/jdk.javadoc" type="simple" />
            <root url="jar://C:/Program Files/Java/jdk-15/lib/src.zip!/jdk.xml.dom" type="simple" />
            <root url="jar://C:/Program Files/Java/jdk-15/lib/src.zip!/java.desktop" type="simple" />
            <root url="jar://C:/Program Files/Java/jdk-15/lib/src.zip!/java.logging" type="simple" />
            <root url="jar://C:/Program Files/Java/jdk-15/lib/src.zip!/jdk.charsets" type="simple" />
            <root url="jar://C:/Program Files/Java/jdk-15/lib/src.zip!/jdk.compiler" type="simple" />
            <root url="jar://C:/Program Files/Java/jdk-15/lib/src.zip!/jdk.dynalink" type="simple" />
            <root url="jar://C:/Program Files/Java/jdk-15/lib/src.zip!/jdk.jconsole" type="simple" />
            <root url="jar://C:/Program Files/Java/jdk-15/lib/src.zip!/jdk.jsobject" type="simple" />
            <root url="jar://C:/Program Files/Java/jdk-15/lib/src.zip!/java.compiler" type="simple" />
            <root url="jar://C:/Program Files/Java/jdk-15/lib/src.zip!/java.net.http" type="simple" />
            <root url="jar://C:/Program Files/Java/jdk-15/lib/src.zip!/jdk.crypto.ec" type="simple" />
            <root url="jar://C:/Program Files/Java/jdk-15/lib/src.zip!/java.scripting" type="simple" />
            <root url="jar://C:/Program Files/Java/jdk-15/lib/src.zip!/jdk.httpserver" type="simple" />
            <root url="jar://C:/Program Files/Java/jdk-15/lib/src.zip!/jdk.jdwp.agent" type="simple" />
            <root url="jar://C:/Program Files/Java/jdk-15/lib/src.zip!/jdk.localedata" type="simple" />
            <root url="jar://C:/Program Files/Java/jdk-15/lib/src.zip!/jdk.management" type="simple" />
            <root url="jar://C:/Program Files/Java/jdk-15/lib/src.zip!/jdk.naming.dns" type="simple" />
            <root url="jar://C:/Program Files/Java/jdk-15/lib/src.zip!/jdk.naming.rmi" type="simple" />
            <root url="jar://C:/Program Files/Java/jdk-15/lib/src.zip!/java.instrument" type="simple" />
            <root url="jar://C:/Program Files/Java/jdk-15/lib/src.zip!/java.management" type="simple" />
            <root url="jar://C:/Program Files/Java/jdk-15/lib/src.zip!/java.sql.rowset" type="simple" />
            <root url="jar://C:/Program Files/Java/jdk-15/lib/src.zip!/java.xml.crypto" type="simple" />
            <root url="jar://C:/Program Files/Java/jdk-15/lib/src.zip!/jdk.internal.ed" type="simple" />
            <root url="jar://C:/Program Files/Java/jdk-15/lib/src.zip!/jdk.internal.le" type="simple" />
            <root url="jar://C:/Program Files/Java/jdk-15/lib/src.zip!/jdk.nio.mapmode" type="simple" />
            <root url="jar://C:/Program Files/Java/jdk-15/lib/src.zip!/jdk.unsupported" type="simple" />
            <root url="jar://C:/Program Files/Java/jdk-15/lib/src.zip!/java.smartcardio" type="simple" />
            <root url="jar://C:/Program Files/Java/jdk-15/lib/src.zip!/jdk.internal.opt" type="simple" />
            <root url="jar://C:/Program Files/Java/jdk-15/lib/src.zip!/java.datatransfer" type="simple" />
            <root url="jar://C:/Program Files/Java/jdk-15/lib/src.zip!/jdk.accessibility" type="simple" />
            <root url="jar://C:/Program Files/Java/jdk-15/lib/src.zip!/jdk.crypto.mscapi" type="simple" />
            <root url="jar://C:/Program Files/Java/jdk-15/lib/src.zip!/jdk.hotspot.agent" type="simple" />
            <root url="jar://C:/Program Files/Java/jdk-15/lib/src.zip!/jdk.security.auth" type="simple" />
            <root url="jar://C:/Program Files/Java/jdk-15/lib/src.zip!/jdk.security.jgss" type="simple" />
            <root url="jar://C:/Program Files/Java/jdk-15/lib/src.zip!/java.security.jgss" type="simple" />
            <root url="jar://C:/Program Files/Java/jdk-15/lib/src.zip!/java.security.sasl" type="simple" />
            <root url="jar://C:/Program Files/Java/jdk-15/lib/src.zip!/jdk.internal.vm.ci" type="simple" />
            <root url="jar://C:/Program Files/Java/jdk-15/lib/src.zip!/jdk.management.jfr" type="simple" />
            <root url="jar://C:/Program Files/Java/jdk-15/lib/src.zip!/java.management.rmi" type="simple" />
            <root url="jar://C:/Program Files/Java/jdk-15/lib/src.zip!/java.transaction.xa" type="simple" />
            <root url="jar://C:/Program Files/Java/jdk-15/lib/src.zip!/jdk.crypto.cryptoki" type="simple" />
            <root url="jar://C:/Program Files/Java/jdk-15/lib/src.zip!/jdk.internal.jvmstat" type="simple" />
            <root url="jar://C:/Program Files/Java/jdk-15/lib/src.zip!/jdk.management.agent" type="simple" />
            <root url="jar://C:/Program Files/Java/jdk-15/lib/src.zip!/jdk.incubator.foreign" type="simple" />
            <root url="jar://C:/Program Files/Java/jdk-15/lib/src.zip!/jdk.incubator.jpackage" type="simple" />
            <root url="jar://C:/Program Files/Java/jdk-15/lib/src.zip!/jdk.unsupported.desktop" type="simple" />
            <root url="jar://C:/Program Files/Java/jdk-15/lib/src.zip!/jdk.internal.vm.compiler" type="simple" />
            <root url="jar://C:/Program Files/Java/jdk-15/lib/src.zip!/jdk.internal.vm.compiler.management" type="simple" />
          </root>
        </sourcePath>
      </roots>
      <additional />
    </jdk>
    <jdk version="2">
      <name value="15 (2)" />
      <type value="JavaSDK" />
      <version value="java version &quot;15&quot;" />
      <homePath value="D:\Program Files\Java\jdk-15" />
      <roots>
        <annotationsPath>
          <root type="composite">
            <root url="jar://$APPLICATION_HOME_DIR$/plugins/java/lib/jdkAnnotations.jar!/" type="simple" />
          </root>
        </annotationsPath>
        <classPath>
          <root type="composite">
            <root url="jrt://D:/Program Files/Java/jdk-15!/java.base" type="simple" />
            <root url="jrt://D:/Program Files/Java/jdk-15!/java.compiler" type="simple" />
            <root url="jrt://D:/Program Files/Java/jdk-15!/java.datatransfer" type="simple" />
            <root url="jrt://D:/Program Files/Java/jdk-15!/java.desktop" type="simple" />
            <root url="jrt://D:/Program Files/Java/jdk-15!/java.instrument" type="simple" />
            <root url="jrt://D:/Program Files/Java/jdk-15!/java.logging" type="simple" />
            <root url="jrt://D:/Program Files/Java/jdk-15!/java.management" type="simple" />
            <root url="jrt://D:/Program Files/Java/jdk-15!/java.management.rmi" type="simple" />
            <root url="jrt://D:/Program Files/Java/jdk-15!/java.naming" type="simple" />
            <root url="jrt://D:/Program Files/Java/jdk-15!/java.net.http" type="simple" />
            <root url="jrt://D:/Program Files/Java/jdk-15!/java.prefs" type="simple" />
            <root url="jrt://D:/Program Files/Java/jdk-15!/java.rmi" type="simple" />
            <root url="jrt://D:/Program Files/Java/jdk-15!/java.scripting" type="simple" />
            <root url="jrt://D:/Program Files/Java/jdk-15!/java.se" type="simple" />
            <root url="jrt://D:/Program Files/Java/jdk-15!/java.security.jgss" type="simple" />
            <root url="jrt://D:/Program Files/Java/jdk-15!/java.security.sasl" type="simple" />
            <root url="jrt://D:/Program Files/Java/jdk-15!/java.smartcardio" type="simple" />
            <root url="jrt://D:/Program Files/Java/jdk-15!/java.sql" type="simple" />
            <root url="jrt://D:/Program Files/Java/jdk-15!/java.sql.rowset" type="simple" />
            <root url="jrt://D:/Program Files/Java/jdk-15!/java.transaction.xa" type="simple" />
            <root url="jrt://D:/Program Files/Java/jdk-15!/java.xml" type="simple" />
            <root url="jrt://D:/Program Files/Java/jdk-15!/java.xml.crypto" type="simple" />
            <root url="jrt://D:/Program Files/Java/jdk-15!/jdk.accessibility" type="simple" />
            <root url="jrt://D:/Program Files/Java/jdk-15!/jdk.aot" type="simple" />
            <root url="jrt://D:/Program Files/Java/jdk-15!/jdk.attach" type="simple" />
            <root url="jrt://D:/Program Files/Java/jdk-15!/jdk.charsets" type="simple" />
            <root url="jrt://D:/Program Files/Java/jdk-15!/jdk.compiler" type="simple" />
            <root url="jrt://D:/Program Files/Java/jdk-15!/jdk.crypto.cryptoki" type="simple" />
            <root url="jrt://D:/Program Files/Java/jdk-15!/jdk.crypto.ec" type="simple" />
            <root url="jrt://D:/Program Files/Java/jdk-15!/jdk.crypto.mscapi" type="simple" />
            <root url="jrt://D:/Program Files/Java/jdk-15!/jdk.dynalink" type="simple" />
            <root url="jrt://D:/Program Files/Java/jdk-15!/jdk.editpad" type="simple" />
            <root url="jrt://D:/Program Files/Java/jdk-15!/jdk.hotspot.agent" type="simple" />
            <root url="jrt://D:/Program Files/Java/jdk-15!/jdk.httpserver" type="simple" />
            <root url="jrt://D:/Program Files/Java/jdk-15!/jdk.incubator.foreign" type="simple" />
            <root url="jrt://D:/Program Files/Java/jdk-15!/jdk.incubator.jpackage" type="simple" />
            <root url="jrt://D:/Program Files/Java/jdk-15!/jdk.internal.ed" type="simple" />
            <root url="jrt://D:/Program Files/Java/jdk-15!/jdk.internal.jvmstat" type="simple" />
            <root url="jrt://D:/Program Files/Java/jdk-15!/jdk.internal.le" type="simple" />
            <root url="jrt://D:/Program Files/Java/jdk-15!/jdk.internal.opt" type="simple" />
            <root url="jrt://D:/Program Files/Java/jdk-15!/jdk.internal.vm.ci" type="simple" />
            <root url="jrt://D:/Program Files/Java/jdk-15!/jdk.internal.vm.compiler" type="simple" />
            <root url="jrt://D:/Program Files/Java/jdk-15!/jdk.internal.vm.compiler.management" type="simple" />
            <root url="jrt://D:/Program Files/Java/jdk-15!/jdk.jartool" type="simple" />
            <root url="jrt://D:/Program Files/Java/jdk-15!/jdk.javadoc" type="simple" />
            <root url="jrt://D:/Program Files/Java/jdk-15!/jdk.jcmd" type="simple" />
            <root url="jrt://D:/Program Files/Java/jdk-15!/jdk.jconsole" type="simple" />
            <root url="jrt://D:/Program Files/Java/jdk-15!/jdk.jdeps" type="simple" />
            <root url="jrt://D:/Program Files/Java/jdk-15!/jdk.jdi" type="simple" />
            <root url="jrt://D:/Program Files/Java/jdk-15!/jdk.jdwp.agent" type="simple" />
            <root url="jrt://D:/Program Files/Java/jdk-15!/jdk.jfr" type="simple" />
            <root url="jrt://D:/Program Files/Java/jdk-15!/jdk.jlink" type="simple" />
            <root url="jrt://D:/Program Files/Java/jdk-15!/jdk.jshell" type="simple" />
            <root url="jrt://D:/Program Files/Java/jdk-15!/jdk.jsobject" type="simple" />
            <root url="jrt://D:/Program Files/Java/jdk-15!/jdk.jstatd" type="simple" />
            <root url="jrt://D:/Program Files/Java/jdk-15!/jdk.localedata" type="simple" />
            <root url="jrt://D:/Program Files/Java/jdk-15!/jdk.management" type="simple" />
            <root url="jrt://D:/Program Files/Java/jdk-15!/jdk.management.agent" type="simple" />
            <root url="jrt://D:/Program Files/Java/jdk-15!/jdk.management.jfr" type="simple" />
            <root url="jrt://D:/Program Files/Java/jdk-15!/jdk.naming.dns" type="simple" />
            <root url="jrt://D:/Program Files/Java/jdk-15!/jdk.naming.rmi" type="simple" />
            <root url="jrt://D:/Program Files/Java/jdk-15!/jdk.net" type="simple" />
            <root url="jrt://D:/Program Files/Java/jdk-15!/jdk.nio.mapmode" type="simple" />
            <root url="jrt://D:/Program Files/Java/jdk-15!/jdk.sctp" type="simple" />
            <root url="jrt://D:/Program Files/Java/jdk-15!/jdk.security.auth" type="simple" />
            <root url="jrt://D:/Program Files/Java/jdk-15!/jdk.security.jgss" type="simple" />
            <root url="jrt://D:/Program Files/Java/jdk-15!/jdk.unsupported" type="simple" />
            <root url="jrt://D:/Program Files/Java/jdk-15!/jdk.unsupported.desktop" type="simple" />
            <root url="jrt://D:/Program Files/Java/jdk-15!/jdk.xml.dom" type="simple" />
            <root url="jrt://D:/Program Files/Java/jdk-15!/jdk.zipfs" type="simple" />
          </root>
        </classPath>
        <javadocPath>
          <root type="composite" />
        </javadocPath>
        <sourcePath>
          <root type="composite">
            <root url="jar://D:/Program Files/Java/jdk-15/lib/src.zip!/java.se" type="simple" />
            <root url="jar://D:/Program Files/Java/jdk-15/lib/src.zip!/jdk.aot" type="simple" />
            <root url="jar://D:/Program Files/Java/jdk-15/lib/src.zip!/jdk.jdi" type="simple" />
            <root url="jar://D:/Program Files/Java/jdk-15/lib/src.zip!/jdk.jfr" type="simple" />
            <root url="jar://D:/Program Files/Java/jdk-15/lib/src.zip!/jdk.net" type="simple" />
            <root url="jar://D:/Program Files/Java/jdk-15/lib/src.zip!/java.rmi" type="simple" />
            <root url="jar://D:/Program Files/Java/jdk-15/lib/src.zip!/java.sql" type="simple" />
            <root url="jar://D:/Program Files/Java/jdk-15/lib/src.zip!/java.xml" type="simple" />
            <root url="jar://D:/Program Files/Java/jdk-15/lib/src.zip!/jdk.jcmd" type="simple" />
            <root url="jar://D:/Program Files/Java/jdk-15/lib/src.zip!/jdk.sctp" type="simple" />
            <root url="jar://D:/Program Files/Java/jdk-15/lib/src.zip!/java.base" type="simple" />
            <root url="jar://D:/Program Files/Java/jdk-15/lib/src.zip!/jdk.jdeps" type="simple" />
            <root url="jar://D:/Program Files/Java/jdk-15/lib/src.zip!/jdk.jlink" type="simple" />
            <root url="jar://D:/Program Files/Java/jdk-15/lib/src.zip!/jdk.zipfs" type="simple" />
            <root url="jar://D:/Program Files/Java/jdk-15/lib/src.zip!/java.prefs" type="simple" />
            <root url="jar://D:/Program Files/Java/jdk-15/lib/src.zip!/jdk.attach" type="simple" />
            <root url="jar://D:/Program Files/Java/jdk-15/lib/src.zip!/jdk.jshell" type="simple" />
            <root url="jar://D:/Program Files/Java/jdk-15/lib/src.zip!/jdk.jstatd" type="simple" />
            <root url="jar://D:/Program Files/Java/jdk-15/lib/src.zip!/java.naming" type="simple" />
            <root url="jar://D:/Program Files/Java/jdk-15/lib/src.zip!/jdk.editpad" type="simple" />
            <root url="jar://D:/Program Files/Java/jdk-15/lib/src.zip!/jdk.jartool" type="simple" />
            <root url="jar://D:/Program Files/Java/jdk-15/lib/src.zip!/jdk.javadoc" type="simple" />
            <root url="jar://D:/Program Files/Java/jdk-15/lib/src.zip!/jdk.xml.dom" type="simple" />
            <root url="jar://D:/Program Files/Java/jdk-15/lib/src.zip!/java.desktop" type="simple" />
            <root url="jar://D:/Program Files/Java/jdk-15/lib/src.zip!/java.logging" type="simple" />
            <root url="jar://D:/Program Files/Java/jdk-15/lib/src.zip!/jdk.charsets" type="simple" />
            <root url="jar://D:/Program Files/Java/jdk-15/lib/src.zip!/jdk.compiler" type="simple" />
            <root url="jar://D:/Program Files/Java/jdk-15/lib/src.zip!/jdk.dynalink" type="simple" />
            <root url="jar://D:/Program Files/Java/jdk-15/lib/src.zip!/jdk.jconsole" type="simple" />
            <root url="jar://D:/Program Files/Java/jdk-15/lib/src.zip!/jdk.jsobject" type="simple" />
            <root url="jar://D:/Program Files/Java/jdk-15/lib/src.zip!/java.compiler" type="simple" />
            <root url="jar://D:/Program Files/Java/jdk-15/lib/src.zip!/java.net.http" type="simple" />
            <root url="jar://D:/Program Files/Java/jdk-15/lib/src.zip!/jdk.crypto.ec" type="simple" />
            <root url="jar://D:/Program Files/Java/jdk-15/lib/src.zip!/java.scripting" type="simple" />
            <root url="jar://D:/Program Files/Java/jdk-15/lib/src.zip!/jdk.httpserver" type="simple" />
            <root url="jar://D:/Program Files/Java/jdk-15/lib/src.zip!/jdk.jdwp.agent" type="simple" />
            <root url="jar://D:/Program Files/Java/jdk-15/lib/src.zip!/jdk.localedata" type="simple" />
            <root url="jar://D:/Program Files/Java/jdk-15/lib/src.zip!/jdk.management" type="simple" />
            <root url="jar://D:/Program Files/Java/jdk-15/lib/src.zip!/jdk.naming.dns" type="simple" />
            <root url="jar://D:/Program Files/Java/jdk-15/lib/src.zip!/jdk.naming.rmi" type="simple" />
            <root url="jar://D:/Program Files/Java/jdk-15/lib/src.zip!/java.instrument" type="simple" />
            <root url="jar://D:/Program Files/Java/jdk-15/lib/src.zip!/java.management" type="simple" />
            <root url="jar://D:/Program Files/Java/jdk-15/lib/src.zip!/java.sql.rowset" type="simple" />
            <root url="jar://D:/Program Files/Java/jdk-15/lib/src.zip!/java.xml.crypto" type="simple" />
            <root url="jar://D:/Program Files/Java/jdk-15/lib/src.zip!/jdk.internal.ed" type="simple" />
            <root url="jar://D:/Program Files/Java/jdk-15/lib/src.zip!/jdk.internal.le" type="simple" />
            <root url="jar://D:/Program Files/Java/jdk-15/lib/src.zip!/jdk.nio.mapmode" type="simple" />
            <root url="jar://D:/Program Files/Java/jdk-15/lib/src.zip!/jdk.unsupported" type="simple" />
            <root url="jar://D:/Program Files/Java/jdk-15/lib/src.zip!/java.smartcardio" type="simple" />
            <root url="jar://D:/Program Files/Java/jdk-15/lib/src.zip!/jdk.internal.opt" type="simple" />
            <root url="jar://D:/Program Files/Java/jdk-15/lib/src.zip!/java.datatransfer" type="simple" />
            <root url="jar://D:/Program Files/Java/jdk-15/lib/src.zip!/jdk.accessibility" type="simple" />
            <root url="jar://D:/Program Files/Java/jdk-15/lib/src.zip!/jdk.crypto.mscapi" type="simple" />
            <root url="jar://D:/Program Files/Java/jdk-15/lib/src.zip!/jdk.hotspot.agent" type="simple" />
            <root url="jar://D:/Program Files/Java/jdk-15/lib/src.zip!/jdk.security.auth" type="simple" />
            <root url="jar://D:/Program Files/Java/jdk-15/lib/src.zip!/jdk.security.jgss" type="simple" />
            <root url="jar://D:/Program Files/Java/jdk-15/lib/src.zip!/java.security.jgss" type="simple" />
            <root url="jar://D:/Program Files/Java/jdk-15/lib/src.zip!/java.security.sasl" type="simple" />
            <root url="jar://D:/Program Files/Java/jdk-15/lib/src.zip!/jdk.internal.vm.ci" type="simple" />
            <root url="jar://D:/Program Files/Java/jdk-15/lib/src.zip!/jdk.management.jfr" type="simple" />
            <root url="jar://D:/Program Files/Java/jdk-15/lib/src.zip!/java.management.rmi" type="simple" />
            <root url="jar://D:/Program Files/Java/jdk-15/lib/src.zip!/java.transaction.xa" type="simple" />
            <root url="jar://D:/Program Files/Java/jdk-15/lib/src.zip!/jdk.crypto.cryptoki" type="simple" />
            <root url="jar://D:/Program Files/Java/jdk-15/lib/src.zip!/jdk.internal.jvmstat" type="simple" />
            <root url="jar://D:/Program Files/Java/jdk-15/lib/src.zip!/jdk.management.agent" type="simple" />
            <root url="jar://D:/Program Files/Java/jdk-15/lib/src.zip!/jdk.incubator.foreign" type="simple" />
            <root url="jar://D:/Program Files/Java/jdk-15/lib/src.zip!/jdk.incubator.jpackage" type="simple" />
            <root url="jar://D:/Program Files/Java/jdk-15/lib/src.zip!/jdk.unsupported.desktop" type="simple" />
            <root url="jar://D:/Program Files/Java/jdk-15/lib/src.zip!/jdk.internal.vm.compiler" type="simple" />
            <root url="jar://D:/Program Files/Java/jdk-15/lib/src.zip!/jdk.internal.vm.compiler.management" type="simple" />
          </root>
        </sourcePath>
      </roots>
      <additional />
    </jdk>
    <jdk version="2">
      <name value="15 (3)" />
      <type value="JavaSDK" />
      <version value="java version &quot;15&quot;" />
      <homePath value="C:/Program Files/Java/jdk-15" />
      <roots>
        <annotationsPath>
          <root type="composite">
            <root url="jar://$APPLICATION_HOME_DIR$/plugins/java/lib/jdkAnnotations.jar!/" type="simple" />
          </root>
        </annotationsPath>
        <classPath>
          <root type="composite">
            <root url="jrt://C:/Program Files/Java/jdk-15!/java.base" type="simple" />
            <root url="jrt://C:/Program Files/Java/jdk-15!/java.compiler" type="simple" />
            <root url="jrt://C:/Program Files/Java/jdk-15!/java.datatransfer" type="simple" />
            <root url="jrt://C:/Program Files/Java/jdk-15!/java.desktop" type="simple" />
            <root url="jrt://C:/Program Files/Java/jdk-15!/java.instrument" type="simple" />
            <root url="jrt://C:/Program Files/Java/jdk-15!/java.logging" type="simple" />
            <root url="jrt://C:/Program Files/Java/jdk-15!/java.management" type="simple" />
            <root url="jrt://C:/Program Files/Java/jdk-15!/java.management.rmi" type="simple" />
            <root url="jrt://C:/Program Files/Java/jdk-15!/java.naming" type="simple" />
            <root url="jrt://C:/Program Files/Java/jdk-15!/java.net.http" type="simple" />
            <root url="jrt://C:/Program Files/Java/jdk-15!/java.prefs" type="simple" />
            <root url="jrt://C:/Program Files/Java/jdk-15!/java.rmi" type="simple" />
            <root url="jrt://C:/Program Files/Java/jdk-15!/java.scripting" type="simple" />
            <root url="jrt://C:/Program Files/Java/jdk-15!/java.se" type="simple" />
            <root url="jrt://C:/Program Files/Java/jdk-15!/java.security.jgss" type="simple" />
            <root url="jrt://C:/Program Files/Java/jdk-15!/java.security.sasl" type="simple" />
            <root url="jrt://C:/Program Files/Java/jdk-15!/java.smartcardio" type="simple" />
            <root url="jrt://C:/Program Files/Java/jdk-15!/java.sql" type="simple" />
            <root url="jrt://C:/Program Files/Java/jdk-15!/java.sql.rowset" type="simple" />
            <root url="jrt://C:/Program Files/Java/jdk-15!/java.transaction.xa" type="simple" />
            <root url="jrt://C:/Program Files/Java/jdk-15!/java.xml" type="simple" />
            <root url="jrt://C:/Program Files/Java/jdk-15!/java.xml.crypto" type="simple" />
            <root url="jrt://C:/Program Files/Java/jdk-15!/jdk.accessibility" type="simple" />
            <root url="jrt://C:/Program Files/Java/jdk-15!/jdk.aot" type="simple" />
            <root url="jrt://C:/Program Files/Java/jdk-15!/jdk.attach" type="simple" />
            <root url="jrt://C:/Program Files/Java/jdk-15!/jdk.charsets" type="simple" />
            <root url="jrt://C:/Program Files/Java/jdk-15!/jdk.compiler" type="simple" />
            <root url="jrt://C:/Program Files/Java/jdk-15!/jdk.crypto.cryptoki" type="simple" />
            <root url="jrt://C:/Program Files/Java/jdk-15!/jdk.crypto.ec" type="simple" />
            <root url="jrt://C:/Program Files/Java/jdk-15!/jdk.crypto.mscapi" type="simple" />
            <root url="jrt://C:/Program Files/Java/jdk-15!/jdk.dynalink" type="simple" />
            <root url="jrt://C:/Program Files/Java/jdk-15!/jdk.editpad" type="simple" />
            <root url="jrt://C:/Program Files/Java/jdk-15!/jdk.hotspot.agent" type="simple" />
            <root url="jrt://C:/Program Files/Java/jdk-15!/jdk.httpserver" type="simple" />
            <root url="jrt://C:/Program Files/Java/jdk-15!/jdk.incubator.foreign" type="simple" />
            <root url="jrt://C:/Program Files/Java/jdk-15!/jdk.incubator.jpackage" type="simple" />
            <root url="jrt://C:/Program Files/Java/jdk-15!/jdk.internal.ed" type="simple" />
            <root url="jrt://C:/Program Files/Java/jdk-15!/jdk.internal.jvmstat" type="simple" />
            <root url="jrt://C:/Program Files/Java/jdk-15!/jdk.internal.le" type="simple" />
            <root url="jrt://C:/Program Files/Java/jdk-15!/jdk.internal.opt" type="simple" />
            <root url="jrt://C:/Program Files/Java/jdk-15!/jdk.internal.vm.ci" type="simple" />
            <root url="jrt://C:/Program Files/Java/jdk-15!/jdk.internal.vm.compiler" type="simple" />
            <root url="jrt://C:/Program Files/Java/jdk-15!/jdk.internal.vm.compiler.management" type="simple" />
            <root url="jrt://C:/Program Files/Java/jdk-15!/jdk.jartool" type="simple" />
            <root url="jrt://C:/Program Files/Java/jdk-15!/jdk.javadoc" type="simple" />
            <root url="jrt://C:/Program Files/Java/jdk-15!/jdk.jcmd" type="simple" />
            <root url="jrt://C:/Program Files/Java/jdk-15!/jdk.jconsole" type="simple" />
            <root url="jrt://C:/Program Files/Java/jdk-15!/jdk.jdeps" type="simple" />
            <root url="jrt://C:/Program Files/Java/jdk-15!/jdk.jdi" type="simple" />
            <root url="jrt://C:/Program Files/Java/jdk-15!/jdk.jdwp.agent" type="simple" />
            <root url="jrt://C:/Program Files/Java/jdk-15!/jdk.jfr" type="simple" />
            <root url="jrt://C:/Program Files/Java/jdk-15!/jdk.jlink" type="simple" />
            <root url="jrt://C:/Program Files/Java/jdk-15!/jdk.jshell" type="simple" />
            <root url="jrt://C:/Program Files/Java/jdk-15!/jdk.jsobject" type="simple" />
            <root url="jrt://C:/Program Files/Java/jdk-15!/jdk.jstatd" type="simple" />
            <root url="jrt://C:/Program Files/Java/jdk-15!/jdk.localedata" type="simple" />
            <root url="jrt://C:/Program Files/Java/jdk-15!/jdk.management" type="simple" />
            <root url="jrt://C:/Program Files/Java/jdk-15!/jdk.management.agent" type="simple" />
            <root url="jrt://C:/Program Files/Java/jdk-15!/jdk.management.jfr" type="simple" />
            <root url="jrt://C:/Program Files/Java/jdk-15!/jdk.naming.dns" type="simple" />
            <root url="jrt://C:/Program Files/Java/jdk-15!/jdk.naming.rmi" type="simple" />
            <root url="jrt://C:/Program Files/Java/jdk-15!/jdk.net" type="simple" />
            <root url="jrt://C:/Program Files/Java/jdk-15!/jdk.nio.mapmode" type="simple" />
            <root url="jrt://C:/Program Files/Java/jdk-15!/jdk.sctp" type="simple" />
            <root url="jrt://C:/Program Files/Java/jdk-15!/jdk.security.auth" type="simple" />
            <root url="jrt://C:/Program Files/Java/jdk-15!/jdk.security.jgss" type="simple" />
            <root url="jrt://C:/Program Files/Java/jdk-15!/jdk.unsupported" type="simple" />
            <root url="jrt://C:/Program Files/Java/jdk-15!/jdk.unsupported.desktop" type="simple" />
            <root url="jrt://C:/Program Files/Java/jdk-15!/jdk.xml.dom" type="simple" />
            <root url="jrt://C:/Program Files/Java/jdk-15!/jdk.zipfs" type="simple" />
          </root>
        </classPath>
        <javadocPath>
          <root type="composite" />
        </javadocPath>
        <sourcePath>
          <root type="composite">
            <root url="jar://C:/Program Files/Java/jdk-15/lib/src.zip!/java.se" type="simple" />
            <root url="jar://C:/Program Files/Java/jdk-15/lib/src.zip!/jdk.aot" type="simple" />
            <root url="jar://C:/Program Files/Java/jdk-15/lib/src.zip!/jdk.jdi" type="simple" />
            <root url="jar://C:/Program Files/Java/jdk-15/lib/src.zip!/jdk.jfr" type="simple" />
            <root url="jar://C:/Program Files/Java/jdk-15/lib/src.zip!/jdk.net" type="simple" />
            <root url="jar://C:/Program Files/Java/jdk-15/lib/src.zip!/java.rmi" type="simple" />
            <root url="jar://C:/Program Files/Java/jdk-15/lib/src.zip!/java.sql" type="simple" />
            <root url="jar://C:/Program Files/Java/jdk-15/lib/src.zip!/java.xml" type="simple" />
            <root url="jar://C:/Program Files/Java/jdk-15/lib/src.zip!/jdk.jcmd" type="simple" />
            <root url="jar://C:/Program Files/Java/jdk-15/lib/src.zip!/jdk.sctp" type="simple" />
            <root url="jar://C:/Program Files/Java/jdk-15/lib/src.zip!/java.base" type="simple" />
            <root url="jar://C:/Program Files/Java/jdk-15/lib/src.zip!/jdk.jdeps" type="simple" />
            <root url="jar://C:/Program Files/Java/jdk-15/lib/src.zip!/jdk.jlink" type="simple" />
            <root url="jar://C:/Program Files/Java/jdk-15/lib/src.zip!/jdk.zipfs" type="simple" />
            <root url="jar://C:/Program Files/Java/jdk-15/lib/src.zip!/java.prefs" type="simple" />
            <root url="jar://C:/Program Files/Java/jdk-15/lib/src.zip!/jdk.attach" type="simple" />
            <root url="jar://C:/Program Files/Java/jdk-15/lib/src.zip!/jdk.jshell" type="simple" />
            <root url="jar://C:/Program Files/Java/jdk-15/lib/src.zip!/jdk.jstatd" type="simple" />
            <root url="jar://C:/Program Files/Java/jdk-15/lib/src.zip!/java.naming" type="simple" />
            <root url="jar://C:/Program Files/Java/jdk-15/lib/src.zip!/jdk.editpad" type="simple" />
            <root url="jar://C:/Program Files/Java/jdk-15/lib/src.zip!/jdk.jartool" type="simple" />
            <root url="jar://C:/Program Files/Java/jdk-15/lib/src.zip!/jdk.javadoc" type="simple" />
            <root url="jar://C:/Program Files/Java/jdk-15/lib/src.zip!/jdk.xml.dom" type="simple" />
            <root url="jar://C:/Program Files/Java/jdk-15/lib/src.zip!/java.desktop" type="simple" />
            <root url="jar://C:/Program Files/Java/jdk-15/lib/src.zip!/java.logging" type="simple" />
            <root url="jar://C:/Program Files/Java/jdk-15/lib/src.zip!/jdk.charsets" type="simple" />
            <root url="jar://C:/Program Files/Java/jdk-15/lib/src.zip!/jdk.compiler" type="simple" />
            <root url="jar://C:/Program Files/Java/jdk-15/lib/src.zip!/jdk.dynalink" type="simple" />
            <root url="jar://C:/Program Files/Java/jdk-15/lib/src.zip!/jdk.jconsole" type="simple" />
            <root url="jar://C:/Program Files/Java/jdk-15/lib/src.zip!/jdk.jsobject" type="simple" />
            <root url="jar://C:/Program Files/Java/jdk-15/lib/src.zip!/java.compiler" type="simple" />
            <root url="jar://C:/Program Files/Java/jdk-15/lib/src.zip!/java.net.http" type="simple" />
            <root url="jar://C:/Program Files/Java/jdk-15/lib/src.zip!/jdk.crypto.ec" type="simple" />
            <root url="jar://C:/Program Files/Java/jdk-15/lib/src.zip!/java.scripting" type="simple" />
            <root url="jar://C:/Program Files/Java/jdk-15/lib/src.zip!/jdk.httpserver" type="simple" />
            <root url="jar://C:/Program Files/Java/jdk-15/lib/src.zip!/jdk.jdwp.agent" type="simple" />
            <root url="jar://C:/Program Files/Java/jdk-15/lib/src.zip!/jdk.localedata" type="simple" />
            <root url="jar://C:/Program Files/Java/jdk-15/lib/src.zip!/jdk.management" type="simple" />
            <root url="jar://C:/Program Files/Java/jdk-15/lib/src.zip!/jdk.naming.dns" type="simple" />
            <root url="jar://C:/Program Files/Java/jdk-15/lib/src.zip!/jdk.naming.rmi" type="simple" />
            <root url="jar://C:/Program Files/Java/jdk-15/lib/src.zip!/java.instrument" type="simple" />
            <root url="jar://C:/Program Files/Java/jdk-15/lib/src.zip!/java.management" type="simple" />
            <root url="jar://C:/Program Files/Java/jdk-15/lib/src.zip!/java.sql.rowset" type="simple" />
            <root url="jar://C:/Program Files/Java/jdk-15/lib/src.zip!/java.xml.crypto" type="simple" />
            <root url="jar://C:/Program Files/Java/jdk-15/lib/src.zip!/jdk.internal.ed" type="simple" />
            <root url="jar://C:/Program Files/Java/jdk-15/lib/src.zip!/jdk.internal.le" type="simple" />
            <root url="jar://C:/Program Files/Java/jdk-15/lib/src.zip!/jdk.nio.mapmode" type="simple" />
            <root url="jar://C:/Program Files/Java/jdk-15/lib/src.zip!/jdk.unsupported" type="simple" />
            <root url="jar://C:/Program Files/Java/jdk-15/lib/src.zip!/java.smartcardio" type="simple" />
            <root url="jar://C:/Program Files/Java/jdk-15/lib/src.zip!/jdk.internal.opt" type="simple" />
            <root url="jar://C:/Program Files/Java/jdk-15/lib/src.zip!/java.datatransfer" type="simple" />
            <root url="jar://C:/Program Files/Java/jdk-15/lib/src.zip!/jdk.accessibility" type="simple" />
            <root url="jar://C:/Program Files/Java/jdk-15/lib/src.zip!/jdk.crypto.mscapi" type="simple" />
            <root url="jar://C:/Program Files/Java/jdk-15/lib/src.zip!/jdk.hotspot.agent" type="simple" />
            <root url="jar://C:/Program Files/Java/jdk-15/lib/src.zip!/jdk.security.auth" type="simple" />
            <root url="jar://C:/Program Files/Java/jdk-15/lib/src.zip!/jdk.security.jgss" type="simple" />
            <root url="jar://C:/Program Files/Java/jdk-15/lib/src.zip!/java.security.jgss" type="simple" />
            <root url="jar://C:/Program Files/Java/jdk-15/lib/src.zip!/java.security.sasl" type="simple" />
            <root url="jar://C:/Program Files/Java/jdk-15/lib/src.zip!/jdk.internal.vm.ci" type="simple" />
            <root url="jar://C:/Program Files/Java/jdk-15/lib/src.zip!/jdk.management.jfr" type="simple" />
            <root url="jar://C:/Program Files/Java/jdk-15/lib/src.zip!/java.management.rmi" type="simple" />
            <root url="jar://C:/Program Files/Java/jdk-15/lib/src.zip!/java.transaction.xa" type="simple" />
            <root url="jar://C:/Program Files/Java/jdk-15/lib/src.zip!/jdk.crypto.cryptoki" type="simple" />
            <root url="jar://C:/Program Files/Java/jdk-15/lib/src.zip!/jdk.internal.jvmstat" type="simple" />
            <root url="jar://C:/Program Files/Java/jdk-15/lib/src.zip!/jdk.management.agent" type="simple" />
            <root url="jar://C:/Program Files/Java/jdk-15/lib/src.zip!/jdk.incubator.foreign" type="simple" />
            <root url="jar://C:/Program Files/Java/jdk-15/lib/src.zip!/jdk.incubator.jpackage" type="simple" />
            <root url="jar://C:/Program Files/Java/jdk-15/lib/src.zip!/jdk.unsupported.desktop" type="simple" />
            <root url="jar://C:/Program Files/Java/jdk-15/lib/src.zip!/jdk.internal.vm.compiler" type="simple" />
            <root url="jar://C:/Program Files/Java/jdk-15/lib/src.zip!/jdk.internal.vm.compiler.management" type="simple" />
          </root>
        </sourcePath>
      </roots>
      <additional />
    </jdk>
    <jdk version="2">
      <name value="15 (4)" />
      <type value="JavaSDK" />
      <version value="java version &quot;15&quot;" />
      <homePath value="C:/Program Files/Java/jdk-15" />
      <roots>
        <annotationsPath>
          <root type="composite">
            <root url="jar://$APPLICATION_HOME_DIR$/plugins/java/lib/jdkAnnotations.jar!/" type="simple" />
          </root>
        </annotationsPath>
        <classPath>
          <root type="composite">
            <root url="jrt://C:/Program Files/Java/jdk-15!/java.base" type="simple" />
            <root url="jrt://C:/Program Files/Java/jdk-15!/java.compiler" type="simple" />
            <root url="jrt://C:/Program Files/Java/jdk-15!/java.datatransfer" type="simple" />
            <root url="jrt://C:/Program Files/Java/jdk-15!/java.desktop" type="simple" />
            <root url="jrt://C:/Program Files/Java/jdk-15!/java.instrument" type="simple" />
            <root url="jrt://C:/Program Files/Java/jdk-15!/java.logging" type="simple" />
            <root url="jrt://C:/Program Files/Java/jdk-15!/java.management" type="simple" />
            <root url="jrt://C:/Program Files/Java/jdk-15!/java.management.rmi" type="simple" />
            <root url="jrt://C:/Program Files/Java/jdk-15!/java.naming" type="simple" />
            <root url="jrt://C:/Program Files/Java/jdk-15!/java.net.http" type="simple" />
            <root url="jrt://C:/Program Files/Java/jdk-15!/java.prefs" type="simple" />
            <root url="jrt://C:/Program Files/Java/jdk-15!/java.rmi" type="simple" />
            <root url="jrt://C:/Program Files/Java/jdk-15!/java.scripting" type="simple" />
            <root url="jrt://C:/Program Files/Java/jdk-15!/java.se" type="simple" />
            <root url="jrt://C:/Program Files/Java/jdk-15!/java.security.jgss" type="simple" />
            <root url="jrt://C:/Program Files/Java/jdk-15!/java.security.sasl" type="simple" />
            <root url="jrt://C:/Program Files/Java/jdk-15!/java.smartcardio" type="simple" />
            <root url="jrt://C:/Program Files/Java/jdk-15!/java.sql" type="simple" />
            <root url="jrt://C:/Program Files/Java/jdk-15!/java.sql.rowset" type="simple" />
            <root url="jrt://C:/Program Files/Java/jdk-15!/java.transaction.xa" type="simple" />
            <root url="jrt://C:/Program Files/Java/jdk-15!/java.xml" type="simple" />
            <root url="jrt://C:/Program Files/Java/jdk-15!/java.xml.crypto" type="simple" />
            <root url="jrt://C:/Program Files/Java/jdk-15!/jdk.accessibility" type="simple" />
            <root url="jrt://C:/Program Files/Java/jdk-15!/jdk.aot" type="simple" />
            <root url="jrt://C:/Program Files/Java/jdk-15!/jdk.attach" type="simple" />
            <root url="jrt://C:/Program Files/Java/jdk-15!/jdk.charsets" type="simple" />
            <root url="jrt://C:/Program Files/Java/jdk-15!/jdk.compiler" type="simple" />
            <root url="jrt://C:/Program Files/Java/jdk-15!/jdk.crypto.cryptoki" type="simple" />
            <root url="jrt://C:/Program Files/Java/jdk-15!/jdk.crypto.ec" type="simple" />
            <root url="jrt://C:/Program Files/Java/jdk-15!/jdk.crypto.mscapi" type="simple" />
            <root url="jrt://C:/Program Files/Java/jdk-15!/jdk.dynalink" type="simple" />
            <root url="jrt://C:/Program Files/Java/jdk-15!/jdk.editpad" type="simple" />
            <root url="jrt://C:/Program Files/Java/jdk-15!/jdk.hotspot.agent" type="simple" />
            <root url="jrt://C:/Program Files/Java/jdk-15!/jdk.httpserver" type="simple" />
            <root url="jrt://C:/Program Files/Java/jdk-15!/jdk.incubator.foreign" type="simple" />
            <root url="jrt://C:/Program Files/Java/jdk-15!/jdk.incubator.jpackage" type="simple" />
            <root url="jrt://C:/Program Files/Java/jdk-15!/jdk.internal.ed" type="simple" />
            <root url="jrt://C:/Program Files/Java/jdk-15!/jdk.internal.jvmstat" type="simple" />
            <root url="jrt://C:/Program Files/Java/jdk-15!/jdk.internal.le" type="simple" />
            <root url="jrt://C:/Program Files/Java/jdk-15!/jdk.internal.opt" type="simple" />
            <root url="jrt://C:/Program Files/Java/jdk-15!/jdk.internal.vm.ci" type="simple" />
            <root url="jrt://C:/Program Files/Java/jdk-15!/jdk.internal.vm.compiler" type="simple" />
            <root url="jrt://C:/Program Files/Java/jdk-15!/jdk.internal.vm.compiler.management" type="simple" />
            <root url="jrt://C:/Program Files/Java/jdk-15!/jdk.jartool" type="simple" />
            <root url="jrt://C:/Program Files/Java/jdk-15!/jdk.javadoc" type="simple" />
            <root url="jrt://C:/Program Files/Java/jdk-15!/jdk.jcmd" type="simple" />
            <root url="jrt://C:/Program Files/Java/jdk-15!/jdk.jconsole" type="simple" />
            <root url="jrt://C:/Program Files/Java/jdk-15!/jdk.jdeps" type="simple" />
            <root url="jrt://C:/Program Files/Java/jdk-15!/jdk.jdi" type="simple" />
            <root url="jrt://C:/Program Files/Java/jdk-15!/jdk.jdwp.agent" type="simple" />
            <root url="jrt://C:/Program Files/Java/jdk-15!/jdk.jfr" type="simple" />
            <root url="jrt://C:/Program Files/Java/jdk-15!/jdk.jlink" type="simple" />
            <root url="jrt://C:/Program Files/Java/jdk-15!/jdk.jshell" type="simple" />
            <root url="jrt://C:/Program Files/Java/jdk-15!/jdk.jsobject" type="simple" />
            <root url="jrt://C:/Program Files/Java/jdk-15!/jdk.jstatd" type="simple" />
            <root url="jrt://C:/Program Files/Java/jdk-15!/jdk.localedata" type="simple" />
            <root url="jrt://C:/Program Files/Java/jdk-15!/jdk.management" type="simple" />
            <root url="jrt://C:/Program Files/Java/jdk-15!/jdk.management.agent" type="simple" />
            <root url="jrt://C:/Program Files/Java/jdk-15!/jdk.management.jfr" type="simple" />
            <root url="jrt://C:/Program Files/Java/jdk-15!/jdk.naming.dns" type="simple" />
            <root url="jrt://C:/Program Files/Java/jdk-15!/jdk.naming.rmi" type="simple" />
            <root url="jrt://C:/Program Files/Java/jdk-15!/jdk.net" type="simple" />
            <root url="jrt://C:/Program Files/Java/jdk-15!/jdk.nio.mapmode" type="simple" />
            <root url="jrt://C:/Program Files/Java/jdk-15!/jdk.sctp" type="simple" />
            <root url="jrt://C:/Program Files/Java/jdk-15!/jdk.security.auth" type="simple" />
            <root url="jrt://C:/Program Files/Java/jdk-15!/jdk.security.jgss" type="simple" />
            <root url="jrt://C:/Program Files/Java/jdk-15!/jdk.unsupported" type="simple" />
            <root url="jrt://C:/Program Files/Java/jdk-15!/jdk.unsupported.desktop" type="simple" />
            <root url="jrt://C:/Program Files/Java/jdk-15!/jdk.xml.dom" type="simple" />
            <root url="jrt://C:/Program Files/Java/jdk-15!/jdk.zipfs" type="simple" />
          </root>
        </classPath>
        <javadocPath>
          <root type="composite" />
        </javadocPath>
        <sourcePath>
          <root type="composite">
            <root url="jar://C:/Program Files/Java/jdk-15/lib/src.zip!/java.se" type="simple" />
            <root url="jar://C:/Program Files/Java/jdk-15/lib/src.zip!/jdk.aot" type="simple" />
            <root url="jar://C:/Program Files/Java/jdk-15/lib/src.zip!/jdk.jdi" type="simple" />
            <root url="jar://C:/Program Files/Java/jdk-15/lib/src.zip!/jdk.jfr" type="simple" />
            <root url="jar://C:/Program Files/Java/jdk-15/lib/src.zip!/jdk.net" type="simple" />
            <root url="jar://C:/Program Files/Java/jdk-15/lib/src.zip!/java.rmi" type="simple" />
            <root url="jar://C:/Program Files/Java/jdk-15/lib/src.zip!/java.sql" type="simple" />
            <root url="jar://C:/Program Files/Java/jdk-15/lib/src.zip!/java.xml" type="simple" />
            <root url="jar://C:/Program Files/Java/jdk-15/lib/src.zip!/jdk.jcmd" type="simple" />
            <root url="jar://C:/Program Files/Java/jdk-15/lib/src.zip!/jdk.sctp" type="simple" />
            <root url="jar://C:/Program Files/Java/jdk-15/lib/src.zip!/java.base" type="simple" />
            <root url="jar://C:/Program Files/Java/jdk-15/lib/src.zip!/jdk.jdeps" type="simple" />
            <root url="jar://C:/Program Files/Java/jdk-15/lib/src.zip!/jdk.jlink" type="simple" />
            <root url="jar://C:/Program Files/Java/jdk-15/lib/src.zip!/jdk.zipfs" type="simple" />
            <root url="jar://C:/Program Files/Java/jdk-15/lib/src.zip!/java.prefs" type="simple" />
            <root url="jar://C:/Program Files/Java/jdk-15/lib/src.zip!/jdk.attach" type="simple" />
            <root url="jar://C:/Program Files/Java/jdk-15/lib/src.zip!/jdk.jshell" type="simple" />
            <root url="jar://C:/Program Files/Java/jdk-15/lib/src.zip!/jdk.jstatd" type="simple" />
            <root url="jar://C:/Program Files/Java/jdk-15/lib/src.zip!/java.naming" type="simple" />
            <root url="jar://C:/Program Files/Java/jdk-15/lib/src.zip!/jdk.editpad" type="simple" />
            <root url="jar://C:/Program Files/Java/jdk-15/lib/src.zip!/jdk.jartool" type="simple" />
            <root url="jar://C:/Program Files/Java/jdk-15/lib/src.zip!/jdk.javadoc" type="simple" />
            <root url="jar://C:/Program Files/Java/jdk-15/lib/src.zip!/jdk.xml.dom" type="simple" />
            <root url="jar://C:/Program Files/Java/jdk-15/lib/src.zip!/java.desktop" type="simple" />
            <root url="jar://C:/Program Files/Java/jdk-15/lib/src.zip!/java.logging" type="simple" />
            <root url="jar://C:/Program Files/Java/jdk-15/lib/src.zip!/jdk.charsets" type="simple" />
            <root url="jar://C:/Program Files/Java/jdk-15/lib/src.zip!/jdk.compiler" type="simple" />
            <root url="jar://C:/Program Files/Java/jdk-15/lib/src.zip!/jdk.dynalink" type="simple" />
            <root url="jar://C:/Program Files/Java/jdk-15/lib/src.zip!/jdk.jconsole" type="simple" />
            <root url="jar://C:/Program Files/Java/jdk-15/lib/src.zip!/jdk.jsobject" type="simple" />
            <root url="jar://C:/Program Files/Java/jdk-15/lib/src.zip!/java.compiler" type="simple" />
            <root url="jar://C:/Program Files/Java/jdk-15/lib/src.zip!/java.net.http" type="simple" />
            <root url="jar://C:/Program Files/Java/jdk-15/lib/src.zip!/jdk.crypto.ec" type="simple" />
            <root url="jar://C:/Program Files/Java/jdk-15/lib/src.zip!/java.scripting" type="simple" />
            <root url="jar://C:/Program Files/Java/jdk-15/lib/src.zip!/jdk.httpserver" type="simple" />
            <root url="jar://C:/Program Files/Java/jdk-15/lib/src.zip!/jdk.jdwp.agent" type="simple" />
            <root url="jar://C:/Program Files/Java/jdk-15/lib/src.zip!/jdk.localedata" type="simple" />
            <root url="jar://C:/Program Files/Java/jdk-15/lib/src.zip!/jdk.management" type="simple" />
            <root url="jar://C:/Program Files/Java/jdk-15/lib/src.zip!/jdk.naming.dns" type="simple" />
            <root url="jar://C:/Program Files/Java/jdk-15/lib/src.zip!/jdk.naming.rmi" type="simple" />
            <root url="jar://C:/Program Files/Java/jdk-15/lib/src.zip!/java.instrument" type="simple" />
            <root url="jar://C:/Program Files/Java/jdk-15/lib/src.zip!/java.management" type="simple" />
            <root url="jar://C:/Program Files/Java/jdk-15/lib/src.zip!/java.sql.rowset" type="simple" />
            <root url="jar://C:/Program Files/Java/jdk-15/lib/src.zip!/java.xml.crypto" type="simple" />
            <root url="jar://C:/Program Files/Java/jdk-15/lib/src.zip!/jdk.internal.ed" type="simple" />
            <root url="jar://C:/Program Files/Java/jdk-15/lib/src.zip!/jdk.internal.le" type="simple" />
            <root url="jar://C:/Program Files/Java/jdk-15/lib/src.zip!/jdk.nio.mapmode" type="simple" />
            <root url="jar://C:/Program Files/Java/jdk-15/lib/src.zip!/jdk.unsupported" type="simple" />
            <root url="jar://C:/Program Files/Java/jdk-15/lib/src.zip!/java.smartcardio" type="simple" />
            <root url="jar://C:/Program Files/Java/jdk-15/lib/src.zip!/jdk.internal.opt" type="simple" />
            <root url="jar://C:/Program Files/Java/jdk-15/lib/src.zip!/java.datatransfer" type="simple" />
            <root url="jar://C:/Program Files/Java/jdk-15/lib/src.zip!/jdk.accessibility" type="simple" />
            <root url="jar://C:/Program Files/Java/jdk-15/lib/src.zip!/jdk.crypto.mscapi" type="simple" />
            <root url="jar://C:/Program Files/Java/jdk-15/lib/src.zip!/jdk.hotspot.agent" type="simple" />
            <root url="jar://C:/Program Files/Java/jdk-15/lib/src.zip!/jdk.security.auth" type="simple" />
            <root url="jar://C:/Program Files/Java/jdk-15/lib/src.zip!/jdk.security.jgss" type="simple" />
            <root url="jar://C:/Program Files/Java/jdk-15/lib/src.zip!/java.security.jgss" type="simple" />
            <root url="jar://C:/Program Files/Java/jdk-15/lib/src.zip!/java.security.sasl" type="simple" />
            <root url="jar://C:/Program Files/Java/jdk-15/lib/src.zip!/jdk.internal.vm.ci" type="simple" />
            <root url="jar://C:/Program Files/Java/jdk-15/lib/src.zip!/jdk.management.jfr" type="simple" />
            <root url="jar://C:/Program Files/Java/jdk-15/lib/src.zip!/java.management.rmi" type="simple" />
            <root url="jar://C:/Program Files/Java/jdk-15/lib/src.zip!/java.transaction.xa" type="simple" />
            <root url="jar://C:/Program Files/Java/jdk-15/lib/src.zip!/jdk.crypto.cryptoki" type="simple" />
            <root url="jar://C:/Program Files/Java/jdk-15/lib/src.zip!/jdk.internal.jvmstat" type="simple" />
            <root url="jar://C:/Program Files/Java/jdk-15/lib/src.zip!/jdk.management.agent" type="simple" />
            <root url="jar://C:/Program Files/Java/jdk-15/lib/src.zip!/jdk.incubator.foreign" type="simple" />
            <root url="jar://C:/Program Files/Java/jdk-15/lib/src.zip!/jdk.incubator.jpackage" type="simple" />
            <root url="jar://C:/Program Files/Java/jdk-15/lib/src.zip!/jdk.unsupported.desktop" type="simple" />
            <root url="jar://C:/Program Files/Java/jdk-15/lib/src.zip!/jdk.internal.vm.compiler" type="simple" />
            <root url="jar://C:/Program Files/Java/jdk-15/lib/src.zip!/jdk.internal.vm.compiler.management" type="simple" />
          </root>
        </sourcePath>
      </roots>
      <additional />
    </jdk>
  </component>
</application>