<application>
  <component name="ProjectManager">
    <defaultProject>
      <component name="MavenImportPreferences">
        <option name="generalSettings">
          <MavenGeneralSettings>
            <option name="mavenHome" value="C:\Program Files\JetBrains\IntelliJ IDEA Community Edition 2020.2.2\plugins\maven\lib\maven3" />
          </MavenGeneralSettings>
        </option>
      </component>
      <component name="ProjectViewState">
        <option name="autoscrollFromSource" value="true" />
        <option name="hideEmptyMiddlePackages" value="true" />
        <option name="showExcludedFiles" value="false" />
        <option name="showLibraryContents" value="true" />
        <option name="showMembers" value="true" />
        <option name="showVisibilityIcons" value="true" />
        <option name="sortByType" value="true" />
      </component>
      <component name="PropertiesComponent">
        <property name="last_opened_file_path" value="A:/2022/src" />
        <property name="settings.editor.selected.configurable" value="org.jetbrains.plugins.github.ui.GithubSettingsConfigurable" />
      </component>
    </defaultProject>
  </component>
</application>